1,1011,"Tosoian, Jeffrey, M.D.",Vanderbilt University,MPI,BCC. BRL,Prostate
1,TBD,"Xiao, Lanbo, TBD",Univ of Michigan ,Co-Investigator, BRL,Prostate
1,TBD,"Niknafs, Yashar, TBD",LynxDx ,Co-Investigator, BRL,Prostate
3,201,"Stass, Sanford, M.D.",Univ of Maryland ,MPI, BRL,Lung
4,TBD,"Stengelin, Martin, TBD",Univ of Arizona ,Co-Investigator, BRL,Lung and Ovary
5,TBD,"Kennedy, Giulia, TBD",Veracyte Inc.,Co-Investigator, BRL,Lung
5,TBD,"Palazzolo, Michael J., TBD",University of California Los Angeles,Co-Investigator, BRL,Lung
5,TBD,"Pagano, Paul, TBD","LungLife AI, Inc",Co-Investigator, BRL,Lung
6,92,"Semmes, John, Ph.D.",Eastern Virginia Medical School,Contact PI, BRL,Prostate
6,823,"Boutros, Paul, Ph.D.",University of California,MPI, BRL,Prostate
7,TBD,"Kulasingam, Vathany, TBD",Massachusetts General Hospital,Co-Investigator, BRL,Ovary
8,200,"Chan, Daniel, Ph.D.",Johns Hopkins University,Co-Investigator, BRL,Ovary
9,234,"Liu, Tao, Ph.D.",Pacific Northwest National Laboratory,Contact PI,BRL,N/A
10,108,"Dobi, Albert, M.D.",Center for Prostate Disease Research Uniformed Services University of the Health Sciences and the Walter Reed National Military Medical Center,Contact PI,BRL,N/A
11,611,"He, Hua-Jun, TBD",National Institute of Standards & Technology,Contact PI,BRL,N/A